ID;location;depth;habitat_certainty;lat;lon
1;Galicia;;LL;43.55337;-7.15732
2;Galicia;;LL;43.55337;-7.15732
3;Galicia;;LL;43.71104;-7.84381
19;Galicia;;LL;43.22967;-8.9639
20;Galicia;;LL;42.59783;-8.88283
21;Galicia;;LL;42.70738;-8.79235
22;Galicia;;LL;42.51073;-8.85459
23;Galicia;;LL;42.42362;-8.82645
24;Galicia;;LL;42.27162;-8.65245
25;Galicia;;LL;42.22691;-8.88848
26;Catalonia;;LL;42.13366;3.16523
27;Galicia;;LL;43.55337;-7.15732
28;Galicia;;LL;42.66229;-9.02995
29;Galicia;;LL;43.71104;-7.84381
30;Galicia;;LL;42.42362;-8.82645
31;Galicia;;LL;42.35881;-8.68021
32;Galicia;;LL;42.31403;-8.91655
35;Galicia;;LL;43.34109;-8.36368
36;Galicia;;LL;43.45017;-8.2714
37;Emsworth;;HH;50.85568;-0.92761
38;Hayling_Island;;HH;50.85568;-0.92761
39;Faversham;;HH;51.38272;0.97891
40;Queenborough;;HH;51.44925;0.67536
41;Rochester;;HH;51.34869;0.55105
42;Seasalter;;HH;51.38272;0.97891
43;Sheppey;;HH;51.37155;0.83623
44;Whitstable;;HH;51.38272;0.97891
45;Wexford_Harbour;;HH;52.3127;-6.37986
46;Firth_of_Forth;;HH;55.98306;-3.31571
47;Queenborough_(Kent);;HH;51.44925;0.67536
48;Essex;;HH;51.83923;1.03365
49;Pesaro;;HH;44.03229;13.16003
50;Bay_of_Firth;shore;HH;59.02309;-3.05119
51;Shannon_Estuary;;HH;52.5661;-9.53424
52;Thames;;HH;51.52671;0.51392
53;Dublin;;HH;53.35253;-6.16502
54;Fiorenzuola_di_Focara;;HH;43.95289;12.78246
55;Ancona;;HH;43.6598;13.51111
56;Brondolo;;HH;45.22672;12.33707
57;Ringaskiddy;;HH;51.84137;-8.30371
58;Rimini;;HH;44.13644;12.66658
59;Cesenatico;;HH;44.2327;12.42111
60;Cervia;;HH;44.2327;12.42111
61;Long_Hope_Orkney;;HH;58.83029;-3.1552
62;Poolbeg;;HH;53.35253;-6.16502
63;Sligo_River;shore;HH;54.29029;-8.60318
64;Caldey;;HH;51.62767;-4.64417
65;Castle_Pill;;HH;51.67913;-4.95729
66;Langwm;;HH;51.67913;-4.95729
67;Lawrenny;;HH;51.69737;-4.81523
68;Milford_Haven;;HH;51.66071;-5.09925
69;Pennar_Mouth;;HH;51.67913;-4.95729
70;Ringhaddy,_Strangford_Lough;shore;HH;54.43105;-5.64219
71;Faversham;;HH;51.38272;0.97891
72;Carlingford_Lough;;HH;54.09052;-6.1407
73;Milton;;HH;51.36021;0.6936
74;Whitstable;;HH;51.38272;0.97891
75;Faversham;;HH;51.38272;0.97891
76;Essex;;HH;51.83923;1.03365
77;Galicia;;HH;43.38468;-8.12303
78;Galicia;;HH;43.38468;-8.12303
79;Schleswigian_oyster_beds;;HH;55.04872;8.65192
80;Schleswigian_oyster_beds;;HH;54.9571;8.49889
81;Schleswigian_oyster_beds;;HH;54.95887;8.6549
82;Schleswigian_oyster_beds;;HH;54.86726;8.5022
83;Schleswigian_oyster_beds;;HH;54.9571;8.49889
84;Schleswigian_oyster_beds;;HH;54.86529;8.34654
85;Schleswigian_oyster_beds;;HH;54.77546;8.35017
86;Schleswigian_oyster_beds;;HH;54.68758;8.50876
87;Colne;;HH;51.83923;1.03365
88;Connemara;;HH;53.51225;-9.98024
89;Galway_Bay;;HH;53.20157;-9.05042
90;Loch_Hyne;;HH;51.48444;-9.35344
91;Malahide;;HH;53.4398;-6.19872
92;Glandore_Harbour;up_to_8_fm;HH;51.53136;-9.07378
93;Fano;21_metres;HH;43.9459;13.03089
94;Rimini;;HH;44.13958;12.54195
95;Primaro;;HH;44.68617;12.31458
96;Arklow;;HH;52.70176;-6.2235
97;Arklow;;HH;52.72161;-6.07866
98;Glascarrig;;HH;52.61448;-6.19056
99;Glascurrig;;HH;52.72161;-6.07866
100;Kinsale_Harbour;;HH;51.70974;-8.54932
101;Schleswigian_oyster_beds;;HH;55.04872;8.65192
102;Queenborough;;HH;51.44925;0.67536
103;Youghal_Harbour;;HH;51.99453;-7.91496
104;Whitstable;;HH;51.38272;0.97891
105;Schleswigian_oyster_beds;;HH;55.04872;8.65192
106;Schleswigian_oyster_beds;;HH;54.9571;8.49889
107;Schleswigian_oyster_beds;;HH;54.95887;8.6549
108;Schleswigian_oyster_beds;;HH;54.86726;8.5022
109;Schleswigian_oyster_beds;;HH;54.9571;8.49889
110;Schleswigian_oyster_beds;;HH;54.86529;8.34654
111;Schleswigian_oyster_beds;;HH;54.77546;8.35017
112;Schleswigian_oyster_beds;;HH;54.68758;8.50876
113;Aberffraw;;HH;53.20951;-4.42054
114;Caernarfon;;HH;53.13933;-4.24384
115;Holyhead;;HH;53.36716;-4.62824
116;Milford_Haven;;HH;51.66071;-5.09925
117;Penmon_(E_Anglesey);;HH;53.34993;-4.00779
118;Porthdinllaen_head;;HH;52.91039;-4.62387
119;Castlehaven;up_to_8_fm;HH;51.50798;-9.21368
120;Kenmare_Bay;;HH;51.89141;-9.68538
121;Swalecliffe;;HH;51.39371;1.12166
123;Blacksod_Bay;Intertidal;HH;54.16262;-9.9812
124;Brighton;;HH;50.65381;-0.16454
125;Ballybrickan;;HH;51.90544;-8.48137
126;Bantry_Bay;;HH;51.65687;-9.42934
127;Ålbæk_Bugt;;HH;57.57145;10.56424
128;Galicia;;HH;43.47193;-8.15087
129;Galicia;;HH;42.27162;-8.65245
130;Strangford_Lough;Intertidal;HH;54.51846;-5.67602
131;Faversham;;HH;51.38272;0.97891
132;Inch_Kenneth;;HH;56.47892;-6.15
133;Land's_End;;HH;50.09621;-5.16338
136;Rochester;;HH;51.34869;0.55105
137;Sandwich_Bay;;HH;51.32601;1.42415
138;Tralee_Bay;;HH;52.23562;-9.84253
139;Schiermonnikoog;;HH;53.47172;6.29097
140;Borkum;;HH;53.57442;6.73546
141;Lauwerszee;;HH;53.46703;6.14058
143;Dalkey_Sound;;HH;53.26525;-6.13148
144;Howth;;HH;53.37234;-6.01801
145;Ireland's_Eye;18-20_fm;HH;53.45966;-6.05144
146;Poolbeg;;HH;53.35253;-6.16502
147;Skerries;;HH;53.54696;-6.08502
149;Colne;;HH;51.83923;1.03365
150;Cork;;HH;51.92797;-8.33996
151;Dublin;;HH;53.35253;-6.16502
152;Maldon;;HH;51.72778;0.76379
153;Orkney;;HH;59.02309;-3.05119
154;Pont-Burnham;;HH;51.63873;0.78203
155;Tees;;LH;54.64789;-1.14244
156;Waterford;;HH;52.23094;-6.95278
157;Belfast_Lough;;HH;54.67368;-5.89594
158;Cantabria;;HH;43.33456;-4.44257
159;Helford_estuary;;HH;50.09621;-5.16338
160;Whitstable;;HH;51.38272;0.97891
161;Loch_Ryan;;HH;54.96352;-5.04939
162;La_Barca;;HH;;
163;San_Vicente_de_la_Barquera;;HH;;
164;Laxey,_Isle_of_Man;;HH;54.22863;-4.30697
165;Culloden;;HH;57.53196;-4.21768
166;Loch_Ryan;;HH;54.96352;-5.04939
167;Cantabria;;HH;43.46827;-3.47033
168;Cromarty_Firth;;HH;57.72538;-4.12202
169;Loch_Craignish;;HH;56.18869;-5.52992
170;Loch_Crinan;;HH;56.10125;-5.4944
171;Wexford;;HH;52.3127;-6.37986
172;Jura;;HH;55.95531;-5.92917
173;Kirkcudbright;;HH;54.80837;-4.03582
174;Loch_Tarbert;;HH;55.73223;-5.51007
175;Shetland;;HH;60.09154;-1.27932
176;Shetland;;HH;60.54913;-1.25216
177;Loch_Einart;;HH;57.19677;-6.29451
178;Strangford_Lough;;HH;54.43105;-5.64219
179;Firth_of_Forth;;HH;55.98306;-3.31571
180;Firth_of_Forth;;HH;55.9114;-3.12806
181;English_Channel;;HH;48.94296;-1.87996
182;Island_of_Lewis;;HH;58.1996;-7.10595
183;Stronsay_Firth;;HH;59.15971;-2.56949
185;Loch_Grishernish;;HH;57.45825;-6.41162
186;Kyle_of_Scalpa;intertidal;HH;57.34417;-5.84746
187;Kattegat;20_m;HH;57.03207;10.55617
188;Juist;;HH;53.66814;6.87971
189;Borkum;;HH;53.57442;6.73546
191;South_of_Texel;;HH;53.0644;4.98066
192;Vlieland;;HH;53.24977;5.10925
193;Terschelling;;HH;53.35116;5.39875
194;Ringhaddy,_Strangford_Lough;;HH;54.43105;-5.64219
195;Cantabria;;HH;43.37967;-3.44962
196;Puffin_Island;;HH;53.24468;-4.12608
197;Belfast_Lough;shore;HH;54.67368;-5.89594
198;Arklow;;HH;52.72161;-6.07866
199;Carrigline_River;;HH;51.8189;-8.44487
200;Jersey;;HH;49.29731;-1.96682
201;Shannon_Estuary;;HH;52.5661;-9.53424
202;Wexford_Harbour;;HH;52.3127;-6.37986
203;Belfast_Lough;;HH;54.67368;-5.89594
205;Helford_estuary;;HH;50.09621;-5.16338
206;Saltash;;HH;50.39752;-4.25382
207;Shoreham;;HH;50.81901;-0.34435
210;Tavy-Tail;;HH;50.41485;-4.11535
212;Swansea_Bay;;HH;51.52218;-4.02025
213;Swansea_Bay;;HH;51.52218;-4.02025
214;Swansea_Bay;;HH;51.52218;-4.02025
215;Swansea_Bay;;HH;51.52218;-4.02025
216;Swansea_Bay;;HH;51.52218;-4.02025
217;Swansea_Bay;;HH;51.52218;-4.02025
218;Swansea_Bay;;HH;51.52218;-4.02025
219;Swansea_Bay;;HH;51.52218;-4.02025
220;Swansea_Bay;;HH;51.52218;-4.02025
221;Swansea_Bay;;HH;51.52218;-4.02025
222;Swansea_Bay;;HH;51.52218;-4.02025
223;Swansea_Bay;;HH;51.52218;-4.02025
224;Swansea_Bay;;HH;51.52218;-4.02025
225;Swansea_Bay;;HH;51.52218;-4.02025
226;Swansea_Bay;;HH;51.52218;-4.02025
227;Swansea_Bay;;HH;51.52218;-4.02025
228;Swansea_Bay;;HH;51.52218;-4.02025
229;Swansea_Bay;;HH;51.52218;-4.02025
230;Swansea_Bay;;HH;51.52218;-4.02025
231;Swansea_Bay;;HH;51.52218;-4.02025
232;Swansea_Bay;;HH;51.52218;-4.02025
233;Swansea_Bay;;HH;51.52218;-4.02025
234;Swansea_Bay;;HH;51.53928;-3.87836
235;Swansea_Bay;;HH;51.53928;-3.87836
236;Swansea_Bay;;HH;51.53928;-3.87836
237;Swansea_Bay;;HH;51.53928;-3.87836
238;Swansea_Bay;;HH;51.53928;-3.87836
239;Swansea_Bay;;HH;51.53928;-3.87836
240;Swansea_Bay;;HH;51.53928;-3.87836
241;Swansea_Bay;;HH;51.53928;-3.87836
242;Swansea_Bay;;HH;51.53928;-3.87836
243;Swansea_Bay;;HH;51.53928;-3.87836
244;Swansea_Bay;;HH;51.53928;-3.87836
245;Swansea_Bay;;HH;51.53928;-3.87836
246;Swansea_Bay;;HH;51.53928;-3.87836
247;Swansea_Bay;;HH;51.53928;-3.87836
248;Swansea_Bay;;HH;51.53928;-3.87836
249;Swansea_Bay;;HH;51.53928;-3.87836
250;Swansea_Bay;;HH;51.53928;-3.87836
251;Swansea_Bay;;HH;51.53928;-3.87836
252;Swansea_Bay;;HH;51.53928;-3.87836
253;Swansea_Bay;;HH;51.53928;-3.87836
254;Swansea_Bay;;HH;51.53928;-3.87836
255;Swansea_Bay;;HH;51.53928;-3.87836
256;Swansea_Bay;;HH;51.53928;-3.87836
257;Tenby_and_Caldy_Island;;HH;51.60963;-4.78608
258;Tenby_and_Caldy_Island;;HH;51.62767;-4.64417
259;Tenby_and_Caldy_Island;;HH;51.62767;-4.64417
260;Tenby_and_Caldy_Island;;HH;51.62767;-4.64417
261;Tenby_and_Caldy_Island;;HH;51.62767;-4.64417
262;Tenby_and_Caldy_Island;;HH;51.62767;-4.64417
263;Tenby_and_Caldy_Island;;HH;51.62767;-4.64417
264;Tenby_and_Caldy_Island;;HH;51.62767;-4.64417
265;Pembroke_Reach;;HH;51.67913;-4.95729
266;Pembroke_Reach;;HH;51.67913;-4.95729
267;Pembroke_Reach;;HH;51.67913;-4.95729
268;Pembroke_Reach;;HH;51.67913;-4.95729
269;Pembroke_Reach;;HH;51.67913;-4.95729
270;Pembroke_Reach;;HH;51.67913;-4.95729
271;Milford_Haven;;HH;51.67913;-4.95729
272;Milford_Haven;;HH;51.67913;-4.95729
273;Milford_Haven;;HH;51.67913;-4.95729
274;Milford_Haven;;HH;51.67913;-4.95729
275;Milford_Haven;;HH;51.67913;-4.95729
276;Milford_Haven;;HH;51.67913;-4.95729
277;Milford_Haven;;HH;51.67913;-4.95729
278;Milford_Haven;;HH;51.67913;-4.95729
279;Milford_Haven;;HH;51.67913;-4.95729
280;Milford_Haven;;HH;51.66071;-5.09925
281;Milford_Haven;;HH;51.66071;-5.09925
282;Milford_Haven;;HH;51.66071;-5.09925
283;Milford_Haven;;HH;51.66071;-5.09925
284;Milford_Haven;;HH;51.66071;-5.09925
285;Milford_Haven;;HH;51.66071;-5.09925
286;Milford_Haven;;HH;51.66071;-5.09925
287;Milford_Haven;;HH;51.66071;-5.09925
288;Milford_Haven;;HH;51.66071;-5.09925
289;Milford_Haven;;HH;51.74836;-5.12905
294;Milford_Haven;;HH;51.66071;-5.09925
295;English_Channel;;HH;50.42343;0.31213
296;Bristol_Channel_III_Swansea;;HH;51.52218;-4.02025
297;Bristol_Channel_III_Swansea;;HH;51.52218;-4.02025
298;Bristol_Channel_III_Swansea;;HH;51.52218;-4.02025
299;Bristol_Channel_III_Swansea;;HH;51.52218;-4.02025
300;Bristol_Channel_III_Swansea;;HH;51.52218;-4.02025
301;Bristol_Channel_III_Swansea;;HH;51.52218;-4.02025
302;Bristol_Channel_III_Swansea;;HH;51.53928;-3.87836
303;Bristol_Channel_III_Swansea;;HH;51.48746;-4.30373
304;Bristol_Channel_III_Swansea;;HH;51.50491;-4.16204
305;Bristol_Channel_III_Swansea;;HH;51.50491;-4.16204
306;Bristol_Channel_III_Swansea;;HH;51.50491;-4.16204
307;Bristol_Channel_III_Swansea;;HH;51.52218;-4.02025
308;Bristol_Channel_III_Swansea;;HH;51.52218;-4.02025
309;Bristol_Channel_III_Swansea;;HH;51.52218;-4.02025
310;Bristol_Channel_III_Swansea;;HH;51.52218;-4.02025
311;Bristol_Channel_III_Swansea;;HH;51.52218;-4.02025
312;Bristol_Channel_III_Swansea;;HH;51.48746;-4.30373
313;Bristol_Channel_III_Swansea;;HH;51.46985;-4.44533
314;Inner_Bristol_Channel;;HH;51.52218;-4.02025
315;Inner_Bristol_Channel;;HH;51.52218;-4.02025
316;Inner_Bristol_Channel;;HH;51.53928;-3.87836
317;Inner_Bristol_Channel;;HH;51.45127;-3.85118
318;Clew_Bay;;HH;53.75717;-9.62433
319;Jersey;;HH;49.29731;-1.96682
320;Lough_Foyle;;HH;55.16136;-7.06267
321;Bosham_Channel;;HH;50.85568;-0.92761
322;Brest;;HL;48.6213;-4.56516
323;Emsworth_harbour;;HH;50.85568;-0.92761
324;English_Channel;;HL;49.1941;-2.08065
325;English_Channel;;HL;49.99;0.54147
326;Falmouth;;HH;50.20235;-5.0543
327;Guernsey;;HH;49.37117;-2.12495
328;Helford_estuary;;HH;50.09621;-5.16338
329;Jersey;;HH;49.29731;-1.96682
330;Langstone_Harbour;;HH;50.8422;-1.06827
331;Strangford_Lough;;HH;54.51846;-5.67602
332;Dartmouth_Harbour;;HH;50.3062;-3.5093
334;Strangford_Lough;;HH;54.43105;-5.64219
335;Strangford_Lough;;HH;54.51846;-5.67602
336;Achill_Sound;;HH;53.99082;-9.8965
337;Arklow;;HH;52.72161;-6.07866
338;Arklow;;HH;52.3127;-6.37986
339;Ballycroy_Bay;;HH;53.99082;-9.8965
340;Ballydehob;;HH;51.57066;-9.3913
341;Ballysodare;;HH;54.20387;-8.56343
342;Ballyvalden;;HH;52.41999;-6.26906
343;Bay_of_Kilcummin;;HH;52.27263;-10.166
344;Belderig;;HH;54.32163;-9.57842
345;Belfast_Lough;;HH;54.71263;-5.59235
346;Birterbui_Bay;;HH;53.42633;-9.9387
347;Blacksod_Bay;;HH;54.16262;-9.9812
348;Broadhaven_Bay;;HH;54.27305;-9.87554
349;Carlingford_Lough;shore;HH;54.09052;-6.1407
350;Clew_Bay;;HH;53.75717;-9.62433
351;Coltrum_Bed;;HH;;
352;Cork_Harbour;;HH;51.92797;-8.33996
353;Fort_Stewart;;HH;55.01039;-7.48233
354;Galway;;HH;53.20157;-9.05042
355;Inch_Island;;HH;55.09718;-7.52084
356;Kenmare;;HH;51.89141;-9.68538
357;Kilcorgan;;HH;53.22487;-8.90515
358;Lambay;;HH;53.54696;-6.08502
359;Lissadell;;HH;54.37669;-8.64313
360;Lough_Foyle;;HH;55.16136;-7.06267
361;Lough_Swilly;;HH;55.09718;-7.52084
362;Millisle;;HH;54.6252;-5.55847
363;Rathmullen;;HH;55.09718;-7.52084
364;Rutland;;HH;54.96385;-8.43308
365;Shannon;;HH;52.5661;-9.53424
366;Shannon;;HH;52.5661;-9.53424
367;Shannon;;HH;52.5661;-9.53424
368;Skerries;;HH;53.54696;-6.08502
369;Sound_of_Bullsmouth;;HH;53.99082;-9.8965
370;Tralee_Bay;;HH;52.23562;-9.84253
371;Valentia_Harbour;;HH;51.96556;-10.32749
372;Wexford;;HH;52.3127;-6.37986
373;Wicklow;;HH;53.00332;-6.03187
374;Jack_Sound;;HH;51.72973;-5.27116
375;Jack_Sound;;HH;51.72973;-5.27116
376;Dudgeon_Light;;HH;53.28659;1.03482
377;Wexford;;HH;52.3127;-6.37986
380;Green_grounds;;HH;51.62728;-3.90567
381;River_Medway;;HH;51.44925;0.67536
382;Bay_of_Saint-Brieuc;;HH;48.57252;-2.75438
384;Lundy_Island;;HH;51.17074;-4.64242
385;River_Medway;;HH;51.36021;0.6936
386;Belfast_Bay;;HH;54.67368;-5.89594
387;Dudgeon_Light;;HH;53.28659;1.03482
391;Arklow;;HH;52.93557;-5.85337
393;Frederikshavn;;HH;57.48154;10.56287
394;Lough_Foyle;;HH;55.16136;-7.06267
395;Morecambe_Bay;2_-_3_metres;HH;53.90728;-3.10842
396;Edderachillis;;HH;58.33506;-5.23879
397;Firth_of_Cromarty;;HH;57.72538;-4.12202
398;Firth_of_Forth;;HH;55.98306;-3.31571
399;Firth_of_Forth;;HH;55.99953;-3.158
400;Firth_of_Forth;;HH;56.05442;-3.50408
401;Fleet_bay;;HH;54.79089;-4.18865
402;Isle_of_Harris;;HH;57.93882;-6.9806
403;Inverchaolain;;HH;55.96428;-5.11048
404;Isle_of_Harris;;HH;57.87293;-6.77533
405;Kinghorn;;HH;56.08765;-3.18811
406;Kirkcudbright;intertidal;HH;54.80837;-4.03582
407;Loch_Craignish;shore;HH;56.18869;-5.52992
408;Loch_Creran;;HH;56.48946;-5.32016
409;Loch_Feochan;;HH;56.38284;-5.44321
410;Loch_Fyne;;HH;56.03292;-5.30209
411;Loch_Melfort;;HH;56.27611;-5.56563
412;Loch_Ryan;;HH;54.96352;-5.04939
413;Loch_Ryan;;HH;54.96352;-5.04939
414;Loch_Skipport;shore;LH;57.35338;-7.22162
415;Loch_Spelve;;HH;56.34402;-5.7597
416;Loch_Tarbert;;HH;55.73223;-5.51007
417;Lochranza,_Arran;;HH;55.66389;-5.31963
418;Orkney;;HH;59.02309;-3.05119
419;Port_Patrick;;HH;54.85723;-5.1691
420;Shetland;;HH;60.10569;-1.10214
421;Shetland;;HH;60.26884;-1.33968
422;Shetland;;HH;60.54913;-1.25216
423;Shetland;;HH;60.35749;-1.37014
424;Carloway_Bay_Lewis;;HH;58.24197;-6.77494
426;Clew_Bay;;HH;53.75717;-9.62433
427;Sligo_River;shore;HH;54.29029;-8.60318
428;Belfast_Lough;;HH;54.67368;-5.89594
429;Dundalk_Bay;;HH;53.98328;-6.2555
430;Fleetwood_(larger_scale);1_-3_fms;HH;53.90728;-3.10842
431;Mumbles_Head;shore;HH;51.53928;-3.87836
433;Arklow;;HH;52.72161;-6.07866
434;Clew_Bay;;HH;53.75717;-9.62433
435;Brighton_/_English_Channel;;HL;50.65381;-0.16454
436;Galway_Bay;;HH;53.13853;-8.86618
437;Galway_Bay;;HH;53.20157;-9.05042
438;Galway_Bay;;HH;53.20157;-9.05042
439;Galway_Bay;;HH;53.09187;-9.15604
440;Galway_Bay;;HH;53.09187;-9.15604
441;Formy_Pt_to_Firth_of_Solway;;HH;53.90728;-3.10842
442;Cattewater_Harbour;;HH;50.32686;-4.08868
443;English_Channel;;HL;50.37463;-0.24611
444;Hadleigh_Ray;;HH;51.53828;0.65702
445;Leigh_Middle;;HH;51.53828;0.65702
446;Queenborough;;HH;51.44925;0.67536
447;Southend_Pier;;HH;51.53828;0.65702
448;Straits_North_Wales;;HH;53.13933;-4.24384
449;Sound_of_Scalpa;;HH;57.25683;-5.80969
450;Loch_Snizort;;HH;57.54538;-6.4511
451;Limfjord;;HH;56.66776;8.75835
452;Bristol_Channel_Swansea;;HH;51.53928;-3.87836
453;Bristol_Channel_Swansea;;HH;51.53928;-3.87836
454;Bristol_Channel_Swansea;;HH;51.53928;-3.87836
455;Bristol_Channel_Swansea;;HH;51.50491;-4.16204
456;Bristol_Channel_Swansea;10_-_12_fm;HH;51.45127;-3.85118
457;Pembroke_Reach;;HH;51.67913;-4.95729
458;Pembroke_Reach;;HH;51.67913;-4.95729
459;Milford_Haven;;HH;51.66071;-5.09925
460;Puffin_Island;;HH;53.34993;-4.00779
461;Firth_of_Cromarty;1-5_ft.;HH;57.72538;-4.12202
462;Achill_Head,_Ireland;;HH;53.94153;-10.19102
463;Belfast_Bay;12_-_25_fm;HH;54.71263;-5.59235
464;Carlingford;;HH;54.09052;-6.1407
465;Cork_Harbour;;HH;51.92797;-8.33996
466;Firth_of_Forth;4_7_fms;HH;56.08765;-3.18811
467;Guernsey;;HH;49.37117;-2.12495
468;Jersey;;HH;49.29731;-1.96682
469;Laxey,_Isle_of_Man;;HH;54.22863;-4.30697
470;Lough_Swilly;;HH;55.09718;-7.52084
471;Shannon;;HH;52.5661;-9.53424
472;Wexford;;HH;52.3127;-6.37986
473;River_Cleddau;;HH;51.78511;-4.84451
474;River_Cleddau;;HH;51.78511;-4.84451
475;River_Cleddau;;HH;51.78511;-4.84451
476;River_Cleddau;;HH;51.78511;-4.84451
477;River_Cleddau;;HH;51.78511;-4.84451
478;River_Cleddau;;HH;51.78511;-4.84451
479;River_Cleddau;;HH;51.78511;-4.84451
480;River_Cleddau;;HH;51.69737;-4.81523
481;River_Cleddau;;HH;51.69737;-4.81523
482;River_Cleddau;;HH;51.69737;-4.81523
483;River_Cleddau;;HH;51.69737;-4.81523
484;River_Cleddau;;HH;51.69737;-4.81523
485;River_Cleddau;;HH;51.69737;-4.81523
486;River_Cleddau;;HH;51.69737;-4.81523
487;River_Cleddau;;HH;51.69737;-4.81523
488;River_Cleddau;_2-5_fms;HH;51.69737;-4.81523
489;River_Cleddau;;HH;51.67913;-4.95729
490;River_Cleddau;;HH;51.67913;-4.95729
491;River_Cleddau;;HH;51.67913;-4.95729
492;River_Cleddau;;HH;51.67913;-4.95729
493;River_Cleddau;;HH;51.67913;-4.95729
494;River_Cleddau;;HH;51.67913;-4.95729
495;Haisborough_and_Wells_(norfolk);;HH;52.94117;1.25657
496;Portland_Bill;;HH;50.52128;-2.42304
497;Rochefort;;HH;46.01404;-1.21938
498;Marennes;;HH;45.8362;-1.1823
499;Ile_de_Oleron;;HH;45.92512;-1.2008
500;Tenby_and_Caldy_Island;;HH;51.62767;-4.64417
501;Tenby_and_Caldy_Island;;HH;51.62767;-4.64417
502;Tenby_and_Caldy_Island;;HH;51.62767;-4.64417
503;Tenby_and_Caldy_Island;;HH;51.62767;-4.64417
504;Tenby_and_Caldy_Island;;HH;51.62767;-4.64417
505;English_Channel;;HL;50.29816;-0.08753
506;Ru_Ruag_to_Gruinard_Bay_-_including_Loch_Ewe_and_Gairloch;;HH;57.75244;-5.50899
507;Kenmare_River;;HH;51.78122;-9.78702
508;Kenmare_River;;HH;51.78122;-9.78702
509;Loch_Ewe_and_Gairlock;;HH;57.75244;-5.50899
510;Arklow;;HH;52.72161;-6.07866
511;Burren;;HH;;
512;Carlingford_Lough;;HH;54.07051;-6.29011
513;Colne;;HH;51.83923;1.03365
514;Firth_of_Forth;;HH;55.99953;-3.158
515;Guernsey;;HH;49.37117;-2.12495
516;Jersey;;HH;49.29731;-1.96682
517;Lissadell;;HH;54.37669;-8.64313
518;Malahide;;HH;53.4398;-6.19872
519;Wexford;;HH;52.3127;-6.37986
520;Douglas,_Isle_of_Man;;HH;54.12307;-4.42669
521;Ardbeur_Bay,_Galway;;HH;53.48763;-10.12593
522;Arklow;;HH;52.72161;-6.07866
523;Ballaugh,_Isle_of_Man;;HH;54.38639;-4.51988
524;Ballisodare,_Sligo;;HH;54.20387;-8.56343
525;Ballyconeely,_Galway;;HH;53.40177;-10.08413
526;Bardsey;;HH;52.80459;-4.73965
527;Beaumaris;;HH;53.262;-3.97869
528;Blacksod_Bay;;HH;54.16262;-9.9812
529;Caernarvon_Bay;;HH;53.12169;-4.39073
530;Carlingford;;HH;54.07051;-6.29011
531;Carrickfergus,_Belfast_Lough;;HH;54.69325;-5.74421
532;Clew_Bay,_Mayo;;HH;53.75717;-9.62433
533;Colchester;;HH;51.83923;1.03365
534;Faversham;;HH;51.38272;0.97891
535;Firth_of_Forth;;HH;55.98306;-3.31571
536;Porth_Dyllaen;;HH;52.91039;-4.62387
537;Guernsey;;HH;49.37117;-2.12495
538;Jersey;;HH;49.29731;-1.96682
539;Kenmare_River,_Kerry;;HH;51.89141;-9.68538
540;Killery,_Mayo;;HH;53.62265;-9.87587
541;Lessadil,_Clare;;HH;54.37669;-8.64313
542;Llangwm;;HH;51.67913;-4.95729
543;Loch_Fyne;;HH;56.03292;-5.30209
544;Loch_Ryan;;HH;54.96352;-5.04939
545;Maldon;;HH;51.72778;0.76379
546;Malahide,_Dublin;;HH;53.4398;-6.19872
547;Menai_Straits;;HH;53.24468;-4.12608
548;Milford;;HH;51.66071;-5.09925
549;Milton;;HH;51.36021;0.6936
550;Mulroy,_Donegal;;HH;55.16214;-7.71228
551;Poolbay,_Dublin;;HH;53.35253;-6.16502
552;Pwylhelli;;HH;52.8405;-4.44811
553;Queenborough;;HH;51.44925;0.67536
554;Ramsey_Bay;;HH;54.31645;-4.33774
555;Redbank_beds,_Clare;;HH;54.37669;-8.64313
556;Rhoscolyn;;HH;53.27941;-4.59784
557;Rochester;;HH;51.34869;0.55105
558;Sark;;HH;49.42975;-2.41984
559;Strood;;HH;51.34869;0.55105
560;Westport;;HH;53.8432;-9.66568
561;Whitstable;;HH;51.38272;0.97891
563;Ålbæk_Bugt;;HH;57.57145;10.56424
564;Firth_of_Forth_-_Queensferry_to_Stirling;;HH;56.05442;-3.50408
565;Cork;;HH;51.92797;-8.33996
566;River_Forth;;HH;56.05442;-3.50408
567;Firth_of_Forth;3.5_fms;HH;55.92764;-2.97057
568;Achill_Sound;;HH;53.99082;-9.8965
569;Lough_Swilly;shore;HH;55.09718;-7.52084
570;Fleetwood_and_Port_Glasgow;;HH;53.92339;-2.9584
571;Between_Cant_and_Sheppey;;HH;51.46062;0.81825
572;Cardigan_Bay;;HH;52.26006;-4.70545
573;Ogwen_estuary;shore;HH;53.24468;-4.12608
574;Pwllheli;;HH;52.8405;-4.44811
575;Ballochmartin_Bay;shore;HH;55.80772;-4.88579
576;Bay_of_Cancale;;HH;48.67711;-1.81584
577;Île_de_Ré;;HH;46.26702;-1.40399
578;Rocher_d'Aire;;HH;46.29428;-1.14712
579;Barrow_deep;;HH;51.48283;1.10423
581;Lochs_Etive_and_Creran;;HH;56.57695;-5.35577
582;Donegal_Harbour;7-8_ft;HH;54.6179;-8.2731
583;Blackwater;;HH;51.73905;0.90758
584;Carlingford_Lough;;HH;54.09052;-6.1407
585;Colne;;HH;51.83923;1.03365
586;Crouch_River;;HH;51.63873;0.78203
587;English_Channel;;HL;48.67639;-2.64318
588;English_Channel;;HH;48.67711;-1.81584
589;English_Channel;;HH;45.8362;-1.1823
590;English_Channel;;HH;49.49754;0.08058
591;English_Channel;;HH;50.03492;1.09586
592;Firth_of_Forth;;HH;56.01581;-3.00017
593;Helford_estuary;;HH;50.09621;-5.16338
594;Jersey;;HH;49.29731;-1.96682
595;Medway;;HH;51.36021;0.6936
596;Poole_Harbour;;HH;50.66925;-1.8878
597;Swale;;HH;51.36021;0.6936
598;English_Channel;;HL;50.03492;1.09586
599;Lagoon_of_Venice;;HH;45.31954;12.21359
601;Goro;;HH;44.7734;12.44434
603;Carin_Sea;;HH;44.20284;15.546
604;Medina_River;;HH;50.71213;-1.46776
605;Newport_River;;HH;50.72609;-1.3276
606;Torcross;;HH;50.28962;-3.64764
607;Whitstable;;HH;51.38272;0.97891
608;Lochs_Etive_and_Creron;;HH;56.57695;-5.35577
609;Jersey;;HH;49.29731;-1.96682
610;Arklow;;HH;52.80892;-6.11149
611;Ballyvalden;;HH;52.41999;-6.26906
612;Blackwater;;HH;51.73905;0.90758
613;Carlingford_Lough;;HH;54.09052;-6.1407
614;Kenmare_Bay;;HH;51.89141;-9.68538
615;Killybegs;;HH;54.59526;-8.42343
616;Lough_Foyle;;HH;55.16136;-7.06267
617;Pass;;HH;52.72161;-6.07866
618;Redwharf_Bay;;HH;53.33257;-4.15547
619;Roney;;HH;52.61448;-6.19056
620;Wexford;;HH;52.3127;-6.37986
621;Galicia;;HH;43.71104;-7.84381
622;Blackwater;;HH;51.73905;0.90758
623;Colne;;HH;51.83923;1.03365
624;Firth_of_Forth;;HH;55.99953;-3.158
625;Pont-Burnham;;HH;51.63873;0.78203
626;Whitstable;;HH;51.38272;0.97891
627;Kinsale_Harbour;;HH;51.70974;-8.54932
628;Arklow;10-11_fm;HH;52.72161;-6.07866
629;Bantry;;HH;51.65687;-9.42934
630;Bay_of_Firth;;HH;59.02309;-3.05119
631;Belfast_Lough;;HH;54.71263;-5.59235
632;Brightlingsea;;HH;51.7718;1.33932
633;Burnham;;HH;51.63873;0.78203
634;Carlingford_Lough;;HH;54.09052;-6.1407
635;Carnarvon;;HH;53.12169;-4.39073
636;Cheney_Rock;;HH;51.46062;0.81825
637;Clew_Bay;;HH;53.75717;-9.62433
638;Colne;;HH;51.83923;1.03365
639;Dalkey_Sound;;HH;53.26525;-6.13148
640;Deer_Sound;;HH;58.95118;-2.8473
641;Dunmore;;HH;52.23094;-6.95278
642;English_Channel;;HL;49.99;0.54147
643;Faversham;;HH;51.38272;0.97891
644;Firth_of_Forth;;HH;55.98306;-3.31571
645;Foulness;;HH;52.95187;1.40442
646;Herne_Bay;;HH;51.39371;1.12166
647;Herne_Bay;;HH;51.39371;1.12166
648;Isle_of_Harris;;HH;57.87293;-6.77533
649;Kenmare;;HH;51.89141;-9.68538
650;Killybegs;shore;HH;54.59526;-8.42343
651;Kinsale_Harbour;;HH;51.70974;-8.54932
652;Laxey,_Isle_of_Man;;HH;54.22863;-4.30697
653;Lough_Foyle;6-_7_fms;HH;55.16136;-7.06267
654;Pollard;;HH;51.38272;0.97891
655;Queenborough;;HH;51.44925;0.67536
656;River_Crouch;;HH;51.64997;0.92554
657;River_Stour;;HH;51.95008;1.30481
658;Roach_River,_Essex;;HH;51.54968;0.80018
659;Rochester;;HH;51.34869;0.55105
660;Sheerness;;HH;51.46062;0.81825
661;Skerries;;HH;53.54696;-6.08502
662;Skye;;HH;57.25683;-5.80969
663;Skye;;HH;57.54538;-6.4511
664;Skye;;HH;57.54538;-6.4511
665;Stornoway;shore;HH;58.10924;-6.36237
666;Swansea_Bay;;HH;51.50491;-4.16204
667;Tankerness;;HH;58.95118;-2.8473
668;Tenby;It_is_in_six_fathoms_of_water._;HH;51.62767;-4.64417
669;Tobermory;;HH;56.58619;-6.02862
670;Tralee_Bay;;HH;52.23562;-9.84253
671;Wexford;;HH;52.3127;-6.37986
672;Wexford;;HH;52.41999;-6.26906
673;Wexford;;HH;52.41999;-6.26906
674;Whitstable;;HH;51.38272;0.97891
675;Boston_Deeps;;HH;52.87314;0.37094
676;Burnham;;HH;51.48283;1.10423
677;English_Channel;15_-_24_fms;HL;49.91759;-0.28827
678;English_Channel;;HL;50.33443;0.33048
679;Falmouth;;HH;50.20235;-5.0543
680;Great_Grimsby;3-7fms;HH;53.50766;0.37951
681;Herne_Bay;;HH;51.39371;1.12166
682;Jersey;;HH;49.29731;-1.96682
683;Lynn_Deeps;;HH;53.06288;0.47919
684;Lynn_Well;;HH;53.08602;0.77545
685;Start_Bay;;HH;50.28962;-3.64764
686;Wisbech_Channel;;HH;52.86117;0.22359
687;Wyke_Regis;;HH;50.62483;-2.30711
688;Wyke_Regis;;HH;50.60969;-2.44672
689;Cantabria;;HH;43.39571;-3.32799
690;Cantabria;;HH;43.46827;-3.47033
691;Cantabria;;HH;43.4357;-3.71376
692;Cantabria;;HH;43.4357;-3.71376
693;Cantabria;;HH;43.41921;-3.83538
694;Cantabria;;HH;43.41921;-3.83538
695;Cantabria;;HH;43.41921;-3.83538
696;Cantabria;;HH;43.41921;-3.83538
697;Cantabria;;HH;43.41921;-3.83538
698;Cantabria;;HH;43.38578;-4.07845
699;Cantabria;;HH;43.33456;-4.44257
700;Cantabria;;HH;43.35177;-4.32126
701;Cantabria;;HH;43.33456;-4.44257
702;Arklow;;HH;52.41999;-6.26906
703;Colne;;HH;51.83923;1.03365
704;Crouch_River_(Burnham);;HH;51.63873;0.78203
705;English_Channel;15-24_fms;HL;49.99;0.54147
706;Firth_of_Forth;;HH;56.05442;-3.50408
707;Loch_Ryan;;HH;54.96352;-5.04939
708;Essex_coast;;HH;51.64997;0.92554
709;Great_Grimsby;;HH;53.60843;0.50917
710;River_Blackwater;;HH;51.73905;0.90758
711;The_Flats;;HH;51.39371;1.12166
712;Whitstable;;HH;51.38272;0.97891
713;Swansea_Bay;;HH;51.52218;-4.02025
714;Swansea_Bay;;HH;51.52218;-4.02025
715;Swansea_Bay;;HH;51.52218;-4.02025
716;Swansea_Bay;;HH;51.52218;-4.02025
717;Swansea_Bay;;HH;51.53928;-3.87836
718;Swansea_Bay;;HH;51.53928;-3.87836
719;Swansea_Bay;;HH;51.45127;-3.85118
720;Swansea_Bay;;HH;51.53928;-3.87836
721;Swansea_Bay;;HH;51.53928;-3.87836
722;Lynn;;HH;53.05103;0.33118
746;País_Vasco;;LL;43.29574;-1.93105
747;País_Vasco;;LL;43.29574;-1.93105
748;País_Vasco;;HH;43.26686;-2.17443
749;País_Vasco;;LL;43.2522;-2.29604
750;País_Vasco;;LL;43.32625;-2.43664
751;País_Vasco;3-4fms;HH;43.38495;-2.69941
753;Cantabria;;HH;43.39571;-3.32799
754;Cantabria;;HH;43.46827;-3.47033
755;Cantabria;;HH;43.4357;-3.71376
756;Cantabria;;HH;43.4357;-3.71376
757;Cantabria;;HH;43.41921;-3.83538
758;Cantabria;;HH;43.41921;-3.83538
759;Cantabria;;HH;43.41921;-3.83538
760;Cantabria;;HH;43.41921;-3.83538
761;Cantabria;;HH;43.38578;-4.07845
762;Cantabria;;HH;43.38578;-4.07845
763;Cantabria;;HH;43.40256;-3.95695
764;Cantabria;;HH;43.38578;-4.07845
765;Cantabria;;HH;43.40256;-3.95695
766;Cantabria;;HH;43.33456;-4.44257
767;Cantabria;;HH;43.33456;-4.44257
769;Asturias;;HH;43.4227;-5.09439
770;Asturias;;HH;43.45593;-5.48177
771;Asturias;;HH;43.5756;-5.89414
772;Asturias;;HH;43.57382;-7.03626
773;Galicia;;HH;43.34109;-8.36368
774;Galicia;;HH;43.09719;-9.17422
775;Galicia;;HH;43.71104;-7.84381
776;Galicia;;HH;42.77196;-8.93966
777;Galicia;;HH;43.47193;-8.15087
778;Galicia;;HH;42.27162;-8.65245
779;Galicia;;HH;42.13978;-8.86051
780;Galicia;;HH;42.62026;-8.76415
781;Galicia;;HH;42.62026;-8.76415
782;Galicia;;HH;42.51073;-8.85459
783;Galicia;;HH;42.51073;-8.85459
784;Galicia;;HH;42.33649;-8.79842
785;Galicia;;HH;42.33649;-8.79842
786;Galicia;;HH;42.22691;-8.88848
787;Galicia;;HH;42.44598;-8.70808
788;Galicia;;HH;42.44598;-8.70808
789;Galicia;;HH;43.66808;-8.08594
790;Galicia;;LL;43.36296;-8.24339
791;Galicia;;HH;43.45017;-8.2714
792;Galicia;;HH;43.73231;-7.72263
793;Deerness;;HH;58.95118;-2.8473
794;Loch_Sween;;HH;55.9945;-5.61592
795;Loch_Tarbert;;HH;55.73223;-5.51007
796;Spile;;HH;51.39371;1.12166
797;Deer_Sound;;HH;58.95118;-2.8473
802;Margate_Sands;;HH;51.41518;1.40735
803;Margate_Sands;;HH;51.41518;1.40735
804;Padstow;;HH;50.58988;-4.89121
805;Milford_Haven;;HH;51.66071;-5.09925
808;Belfast_Lough;;HH;54.67368;-5.89594
809;Herne_Bay;;HH;51.39371;1.12166
810;Morecambe_Bay;8_-_12_fm;HH;53.90728;-3.10842
812;Arklow;;HH;52.82864;-5.96627
814;Bognor;;HH;50.79331;-0.62564
815;Carlingford;;HH;54.09052;-6.1407
816;Carlingford;;HH;54.09052;-6.1407
817;Carnarvon;;HH;53.12169;-4.39073
818;Eastbourne;;HH;50.77937;0.23786
819;Galway;;HH;53.20157;-9.05042
820;Goodwin_Sands;;HL;51.24726;1.58327
821;Kentish_Knock;;HL;51.60401;1.51698
822;Orfordniss_[Orford_Ness];;HH;52.06031;1.57725
823;Portland_Roads;;HH;50.52128;-2.42304
824;Shipwash;;HL;51.97112;1.59407
825;Stokes_Bay;;HH;50.73987;-1.18735
826;The_Galloper;26-30fm;HL;51.71374;1.78792
827;Worthing;;HH;50.71741;-0.46493
828;Worthing_(west);;HH;50.71741;-0.46493
829;River_crouch;;HH;51.64997;0.92554
830;Cantabria;;HH;43.38578;-4.07845
831;Cantabria;;HH;43.33456;-4.44257
832;Cantabria;;HH;43.42291;-4.46477
833;Lynn;;HH;53.05103;0.33118
834;Poole_Harbour;;HH;50.66925;-1.8878
835;North_Sea;27_fms;HL;53.72467;3.68642
836;Ru_Ruag_to_Gruinard_Bay_-_including_Loch_Ewe_and_Gairloch;;HH;57.73295;-5.67303
837;St_Georges_Channel;1-4fms;HH;53.90728;-3.10842
838;St_Georges_Channel;;HH;54.67368;-5.89594
839;Chichester_Harbour;;HH;50.85568;-0.92761
840;Colne;;HH;51.83923;1.03365
841;Cromarty_Firth;;HH;57.72538;-4.12202
843;Dudgeon_Light;;HH;53.28659;1.03482
844;Emsworth;;HH;50.85568;-0.92761
845;English_Channel_mid;36-46_fms;HL;50.33443;0.33048
846;English_Channel_south;20-25_ft;HL;49.7504;-1.09497
847;Etaples;;HL;50.60206;1.41526
848;Falmouth;;HH;50.20235;-5.0543
849;Firth_of_Forth;;HH;55.98306;-3.31571
850;Firth_of_Forth;;HH;56.01581;-3.00017
851;Galway;;HH;53.20157;-9.05042
852;Hayling_Island;;HH;50.85568;-0.92761
853;Helford_estuary;;HH;50.09621;-5.16338
855;Holy_Island;;HH;55.68203;-1.75747
856;Isle_of_Skye;;HH;57.12975;-6.0948
857;Langston_Island;;HH;50.8422;-1.06827
858;Lee_estuary;;HH;51.92797;-8.33996
859;Llangwm;;HH;51.67913;-4.95729
860;Loch_Ryan;;HH;54.96352;-5.04939
861;Lough_Swilly;;HH;55.09718;-7.52084
862;Lynn_Deeps;;HL;53.09733;0.92368
863;Margate;;HH;51.41518;1.40735
864;Milford_Haven;;HH;51.66071;-5.09925
865;Milford_Haven;;HH;51.66071;-5.09925
866;Milton;;HH;51.36021;0.6936
867;Newport,_Isle_of_Wight;;HH;50.72609;-1.3276
868;Orwell,_Ipswich;;HH;52.0284;1.1426
869;Osborne_Bay;;HH;50.73987;-1.18735
870;Ostend;;HL;51.41374;2.71016
871;Plymouth;;HH;50.32686;-4.08868
872;Portsmouth;;HH;50.75349;-1.04704
873;Ramsgate;;HL;51.34673;1.70954
874;Roach_River,_Essex;;HH;51.54968;0.80018
875;Selsey_Bill;;HH;50.69143;-0.74556
876;Solent;;HH;50.81474;-1.34934
877;Swansea;2-10_fms;HH;51.62728;-3.90567
878;Thames_(south_side);;HH;51.44925;0.67536
879;The_Ness;;HH;50.44321;-3.11857
880;Westport;;HH;53.8432;-9.66568
881;Whitstable;;HH;51.38272;0.97891
882;Wicklow;;HH;53.00332;-6.03187
885;Jersey;;HH;49.29731;-1.96682
892;Schleswigian_oyster_beds;;HH;54.9571;8.49889
893;Schleswigian_oyster_beds;;HH;54.68758;8.50876
894;Schleswigian_oyster_beds;;HH;55.13856;8.64893
895;Schleswigian_oyster_beds;;HH;54.9571;8.49889
896;Schleswigian_oyster_beds;;HH;54.86726;8.5022
897;Schleswigian_oyster_beds;;HH;54.77546;8.35017
898;Schleswigian_oyster_beds;;HH;54.77546;8.35017
899;Schleswigian_oyster_beds;;HH;54.68933;8.66375
900;Schleswigian_oyster_beds;;HH;54.68562;8.35378
901;Schleswigian_oyster_beds;;HH;54.59579;8.35738
902;Schleswigian_oyster_beds;;HH;54.68758;8.50876
903;Schleswigian_oyster_beds;;HH;54.68933;8.66375
904;Schleswigian_oyster_beds;;HH;54.59949;8.66666
905;Schleswigian_oyster_beds;;HH;54.50965;8.66957
906;Schleswigian_oyster_beds;;HH;54.42136;8.82644
907;Bay_of_Arcachon;;HH;44.75506;-1.09135
908;Limfjord;;HH;56.66217;8.26964
909;Solent;;HH;50.81474;-1.34934
910;Whitstable;;HH;51.38272;0.97891
911;Belfast_Lough;;HH;54.71263;-5.59235
912;Clonderlaw_Bay;;HH;52.61361;-9.24811
914;Dunmoran;;HH;54.26727;-8.75219
915;Kinvarra_Bay;;HH;53.13853;-8.86618
916;Oranmore_Bay;;HH;53.31119;-8.94431
917;Rostrevor_Bay;;HH;54.09052;-6.1407
918;Shannon_Estuary;;HH;52.5661;-9.53424
919;Sligo_estuary;;HH;54.29029;-8.60318
921;Clare_River_Galway;;HH;53.37409;-9.12946
922;Tralee_Bay;;HH;52.23562;-9.84253
923;Tyrone_Bay;;HH;53.22487;-8.90515
924;Strangford_Lough;;HH;54.51846;-5.67602
928;Aberystwyth_Bay;;HH;52.40132;-4.30202
932;Cockenzie;;HH;55.92764;-2.97057
933;Dover;;HH;50.85892;1.22452
934;North_Sea;;HL;53.72467;3.68642
935;Ramsey,_Isle_of_Man;;HH;54.31645;-4.33774
936;Douglas,_Isle_of_Man;;HH;54.12307;-4.42669
937;Strangford_Lough;;HH;54.43105;-5.64219
938;Terschelling_grounds;;HH;53.61428;5.21884
939;Dartmouth;;HH;50.3062;-3.5093
940;Eastbourne;;HH;50.77937;0.23786
943;Jersey;;HH;49.29731;-1.96682
944;The_Wash_(Norfolk);;HL;53.29758;1.1838
945;Whitstable;;HH;51.38272;0.97891
946;Blackwater;;HH;51.73905;0.90758
949;Sibenik;5_ft;LL;43.73269;15.87345
950;Carin_Sea;;HH;44.20284;15.546
951;Muggia;10_-20_metres;LL;45.63633;13.7647
952;San_Cassano;;LL;44.03601;15.28016
953;Mljet;;LL;42.82057;17.37449
954;Grado_lagoon;6-15_m;LL;45.73927;13.38635
958;Swansea_Bay;5_-_10_fm;HH;51.52218;-4.02025
959;;;HH;51.65883;3.83253
960;River_Isonzo;2-5fms;LH;45.7351;13.51455
961;Capo_d’Istria;;LH;45.55082;13.63078
962;Carin_Sea;;LL;44.20284;15.546
963;San_Cassano;;LL;44.03601;15.28016
964;Scogli_Ostia_and_Galisniac;;LL;43.93964;15.39592
965;Sibenik;;LL;43.73269;15.87345
966;Mali_Ston;;LL;42.88315;17.75053
967;Brindisi;;LL;40.68985;17.95074
968;Ancona;;LL;43.6598;13.51111
969;Punta_Maestra;;LL;44.95055;12.57866
970;Chioggia;;LL;45.22672;12.33707
971;River_Po;;LH;44.7734;12.44434
972;River_Adige;;LH;45.13664;12.33328
973;River_Brenta;;LH;45.22672;12.33707
979;Cardigan_and_Newport;5_fm;HH;52.06647;-4.78999
980;English_Channel;;HL;50.29816;-0.08753
981;Fishguard;;HH;52.04823;-4.93321
982;Heligoland;;HL;53.84368;6.71467
983;Loch_Roag_(assume_Loch_Rog_-_Lewis);;HH;58.24197;-6.77494
984;Loch_Tamanavay;;HH;58.11269;-7.06393
985;Lochmaddy,_North_Uist;;LH;57.63544;-7.18329
989;Llangwm;;HH;51.67913;-4.95729
990;Borkum;;HH;53.65569;6.42637
991;Bay_of_Firth;;HH;59.02309;-3.05119
992;Basta_Voe;;HH;60.65199;-1.10264
993;Urafirth_Voe;;HH;60.44613;-1.40079
994;Roe_Sound_(Delting);;HH;60.35749;-1.37014
995;Burravoe;;HH;60.47455;-1.04263
996;Bixter_Voe;;HH;60.26884;-1.33968
997;Burra_Isles;;HH;60.09154;-1.27932
999;English_Channel;;HL;50.37463;-0.24611
1000;Laira_Bridge;;HH;50.41485;-4.11535
1001;Tamar_beds;;HH;50.39752;-4.25382
1002;Maryport;;HH;54.68365;-3.51741
1003;Ballantrae;;HH;55.0511;-5.08256
1004;Cromarty_Firth;;HH;57.72538;-4.12202
1005;Farlieston_Bay;;HH;54.77322;-4.34135
1006;Moray_Firth;;HH;57.76031;-3.79249
1007;Harbours_in_English_channel;16-20_fm;HH;49.38587;-1.98878
1008;Harbours_in_English_channel;3-7fm;HH;49.20873;-1.94495
1009;Harbours_in_English_channel;4-6fms;HH;49.04598;-1.76623
1014;Emsworth_Channel_Fishery;;HH;50.85568;-0.92761
1015;Poole;;HH;50.66925;-1.8878
1016;Truro;;HH;50.20235;-5.0543
1017;Cantabria;;HH;43.46827;-3.47033
1018;Firth_of_Forth;;HH;55.98306;-3.31571
1019;Loch_Ryan;;HH;54.96352;-5.04939
1020;Luce_Bay;;HH;54.82504;-4.67842
1021;Bosham_Channel;;HH;50.85568;-0.92761
1024;English_Channel;;HL;48.67639;-2.64318
1025;English_Channel;;HL;48.67711;-1.81584
1026;Guernsey;;HL;49.37117;-2.12495
1027;Helford_estuary;;HH;50.09621;-5.16338
1028;Poole_Harbour;;HH;50.66925;-1.8878
1029;Skelling_Bank;;HL;54.22396;7.60528
1030;Tollesbury_and_Mersea_Oyster_Fishery;;HH;51.73905;0.90758
1031;Truro;;HH;50.20235;-5.0543
1032;Whitstable;;HH;51.38272;0.97891
1033;Emsworth_Channel_Fishery;;HH;50.85568;-0.92761
1034;Poole;;HH;50.66925;-1.8878
1035;Queenborough;;HH;51.44925;0.67536
1037;Tollesbury_and_Mersea_Oyster_Fishery;;HH;51.73905;0.90758
1038;Truro;;HH;50.20235;-5.0543
1039;Bosham_Channel;;HH;50.85568;-0.92761
1041;Poole_Harbour;;HH;50.66925;-1.8878
1042;Tollesbury_and_Mersea_Oyster_Fishery;;HH;51.73905;0.90758
1043;Truro;;HH;50.20235;-5.0543
1045;Glaslyn_River;;HH;52.87571;-4.15613
1047;Menai_Straits;;HH;53.24468;-4.12608
1048;Cortellazzo;18_-_20_steps;HH;45.48771;12.73158
1049;Emsworth;;HH;50.85568;-0.92761
1050;Poole;;HH;50.66925;-1.8878
1051;Tollesbury_and_Mersea_Oyster_Fishery;;HH;51.73905;0.90758
1052;Truro;;HH;50.20235;-5.0543
1053;Emsworth_Channel_Fishery;;HH;50.85568;-0.92761
1054;Poole;;HH;50.66925;-1.8878
1057;Truro;;HH;50.20235;-5.0543
1058;River_Ogwen;intertidal;HH;53.24468;-4.12608
1059;Antony;;HH;50.39752;-4.25382
1060;Looe;;HH;50.38003;-4.3922
1061;Par;;HH;50.34455;-4.66867
1062;Whitstable;;HH;51.38272;0.97891
1063;Belfast_Lough;12-25_fms;HH;54.67368;-5.89594
1064;Royal_Soveriegn_Shoals_to_Dungeness;1-2fms;HH;50.79125;0.37862
1067;Fleetwood;;HH;53.90728;-3.10842
1068;Fleetwood;;HH;53.92339;-2.9584
1069;Catalonia;;LH;41.20735;1.7156
1070;Whitstable;;HH;51.38272;0.97891
1071;Arklow_Bay;;HH;52.72161;-6.07866
1072;Ballyvalden;;HH;52.41999;-6.26906
1073;Carlingford_Lough;;HH;54.09052;-6.1407
1074;Clarenbridge;;HH;53.22487;-8.90515
1075;Copper_bed;;HH;53.98328;-6.2555
1076;Cork;;HH;51.92797;-8.33996
1077;Glasgorman_beds;;HH;;
1078;Mizzen_Head;;HH;52.82864;-5.96627
1079;Pass_beds;;HH;52.72161;-6.07866
1080;Point;;HH;53.35253;-6.16502
1081;Prussia_beds;;HH;52.24542;-6.20376
1082;Roney;;HH;52.61448;-6.19056
1083;Shell_beds;;HH;52.41999;-6.26906
1084;Tralee_Bay;;HH;52.23562;-9.84253
1085;Wexford_Harbour;;HH;52.3127;-6.37986
1087;Whitstable;;HH;51.38272;0.97891
1088;Ham_oyster_fishery;;HH;51.48283;1.10423
1089;Whitstable;;HH;51.39371;1.12166
1091;Belfast_Lough;;HH;54.67368;-5.89594
1092;Blacksod_Bay;;HH;54.16262;-9.9812
1093;Brittas_Bay_beds;;HH;52.91598;-5.99899
1094;Carlingford_Lough;;HH;54.07051;-6.29011
1095;Clarenbridge;;HH;53.22487;-8.90515
1096;Clew_Bay;;HH;53.75717;-9.62433
1097;Cork_Harbour;;HH;51.92797;-8.33996
1098;Dogger_Bank_Bed;;HH;52.33271;-6.23633
1099;Galway_Bay;;HH;53.22487;-8.90515
1100;Kenmare_Bay;;HH;51.89141;-9.68538
1101;Kinsale_Harbour;;HH;51.70974;-8.54932
1102;Shannon_Estuary;;HH;52.5661;-9.53424
1103;Tralee_Bay;;HH;52.23562;-9.84253
1104;Tralee_Bay;;HH;52.23562;-9.84253
1105;Strangford_Lough;;HH;54.51846;-5.67602
1107;English_Channel;;HH;50.95876;1.34904
1109;Jersey;13_fathoms;HH;49.29731;-1.96682
1110;Jersey;14_fathoms_;HH;49.29731;-1.96682
1111;Jersey;14_fathoms;HH;49.29731;-1.96682
1112;Jersey;12_fathoms_;HH;49.29731;-1.96682
1113;Jersey;13_fathoms_;HH;49.29731;-1.96682
1114;Jersey;14_fathoms;HH;49.28264;-2.10275
1115;Jersey;13_fathoms;HH;49.28264;-2.10275
1116;Jersey;13_fathoms;HH;49.28264;-2.10275
1117;Arklow_Bay;;HH;52.72161;-6.07866
1118;Ballynakill_Bay;;HH;53.59814;-10.02198
1119;Lough_Swilly;;HH;55.09718;-7.52084
1120;Moville;;HH;55.07441;-7.02507
1121;Newport_Bay,_Ireland;;HH;53.86729;-9.51857
1122;Omeath;;HH;54.07051;-6.29011
1123;Tarbert;;HH;52.61361;-9.24811
1124;Tralee;;HH;52.23562;-9.84253
1125;Tyrone_Bay;;HH;53.22487;-8.90515
1126;Waterford;;HH;52.23094;-6.95278
1127;Westport;;HH;53.8432;-9.66568
1128;Wexford;;HH;52.3127;-6.37986
1140;"Austern_-_Grund";;HL;54.31885;4.8298
1141;Austern'_fishing_ground;;HL;54.31885;4.8298
1142;Austern'_fishing_ground;;HL;55.04828;5.05059
1144;Malaga;22_m_;HH;36.74224;-4.3718
1145;Catalonia;;LH;41.22684;1.95209
1146;Catalonia;;LH;41.33564;2.17737
1151;Texelse_oesters;;HH;53.16015;5.11942
1152;Catalonia;;LH;41.43478;2.28468
1161;Catalonia;;LH;41.19739;1.5974
1170;Falmouth;;HH;50.20235;-5.0543
1171;Falmouth;;HH;50.20235;-5.0543
1172;Falmouth;;HH;50.11462;-5.02606
1173;Falmouth;;HH;50.20235;-5.0543
1174;Falmouth;;HH;50.20235;-5.0543
1175;Truro;;HH;50.20235;-5.0543
1176;Truro;;HH;50.20235;-5.0543
1177;Truro;;HH;50.20235;-5.0543
1178;Truro;;HH;50.20235;-5.0543
1179;Truro;;HH;50.20235;-5.0543
1189;Belfast_Lough;;HH;54.67368;-5.89594
1193;Abyssinia_Haul;;HH;51.59143;-4.92788
1194;Caldey;;HH;51.62767;-4.64417
1195;Green_grounds;;HH;51.52218;-4.02025
1196;Hazelbeach_Reach_Bed;;HH;51.67913;-4.95729
1197;Inner_Stackpole_bed;;HH;51.59143;-4.92788
1198;Mumbles_Head;;HH;51.53928;-3.87836
1199;Pennar_Gut;;HH;51.67913;-4.95729
1200;Rhoscolyn;;HH;53.27941;-4.59784
1201;River_Cleddau;;HH;51.67913;-4.95729
1202;Roads;;HH;51.52218;-4.02025
1203;Stack_Rock;;HH;51.66071;-5.09925
1204;Tenby;;HH;51.71545;-4.67306
1205;White_oyster_ledge;;HH;51.46816;-3.70946
1214;Lesvos_Island;;LH;39.06001;26.05
1215;Lemnos_Island;;LH;39.88;25.02
1216;Cretan_Sea_(Heraclium);;LL;35.414;25.191
1217;Ionian_Sea;;LL;38.169;20.505
1440;Murcia;;HH;37.76961;-0.81239
1452;Lido;;HH;45.40686;12.3447
1708;Galicia;;HH;42.62026;-8.76415
1709;Beenshallig;;HH;54.59949;8.66666
1710;Galicia;;HH;42.62026;-8.76415
1711;S._GrÃ¶de;;HH;54.59949;8.66666
1712;SW._Hamburger_Hallig;;HH;54.60105;8.82133
1713;Galicia;;HH;43.34109;-8.36368
1714;País_Vasco;;LL;43.2522;-2.29604
1715;Marschnack;;HH;54.59774;8.51201
1716;Cantabria;;LL;43.4357;-3.71376
1717;SÃ¼deraue;;HH;54.59774;8.51201
1718;Cantabria;;LL;43.41921;-3.83538
1719;Langeness;;HH;54.59774;8.51201
1720;Cantabria;;LL;43.38578;-4.07845
1721;S._Langeness;;HH;54.59949;8.66666
1722;Cantabria;;LL;43.33456;-4.44257
1723;N._Nordmarsch;;HH;54.68758;8.50876
1724;Asturias;;LL;43.5756;-5.89414
1725;Schmaltiefskant;;HH;54.68758;8.50876
1726;Galicia;;LL;43.57382;-7.03626
1727;Nesswatt;;HH;54.68933;8.66375
1728;Galicia;;LL;43.66603;-7.57415
1729;Amrumer_Hafenbank;;HH;54.59579;8.35738
1730;Galicia;;LL;43.73231;-7.72263
1731;LeyrÃ¼ck;;HH;54.59579;8.35738
1732;Galicia;;LL;43.71104;-7.84381
1733;Wyker_Bank;;HH;54.68758;8.50876
1734;Galicia;;LL;43.47193;-8.15087
1735;Kohamm;;HH;54.68933;8.66375
1736;Galicia;;LL;43.45017;-8.2714
1737;Mittelgrund;;HH;54.68933;8.66375
1738;Galicia;;LL;43.34109;-8.36368
1739;Bi_de_Prester;;HH;54.68933;8.66375
1740;Galicia;;LL;42.74931;-9.05858
1741;W._Amrum;;HH;54.68562;8.35378
1742;Galicia;;LL;42.77196;-8.93966
1743;Rochel_Pahlen;;HH;54.68562;8.35378
1744;Galicia;;LL;42.44598;-8.70808
1745;Oddende;;HH;54.68562;8.35378
1746;Galicia;;LL;42.35881;-8.68021
1747;Butensand;;HH;54.68562;8.35378
1748;Galicia;;LL;42.27162;-8.65245
1749;Oddeloh_N._FÃ¶hr;;HH;54.68562;8.35378
1750;;;LL;36.94988;-7.95481
1751;GrÃ¶nbank;;HH;54.77546;8.35017
1752;;;LL;37.16262;-7.32026
1753;Liinsand;;HH;54.77546;8.35017
1754;;;LL;36.18889;-6.0604
1755;Diepstelle_N._FÃ¶hr;;HH;54.77742;8.50549
1756;;;LL;36.12208;-5.36914
1757;HÃ¶rnum_buten_de_Revel;;HH;54.77546;8.35017
1758;Malaga;;LL;36.74224;-4.3718
1759;HÃ¶rnum_binnen_de_Revel;;HH;54.77546;8.35017
1760;;;LL;39.47177;-0.27492
1761;Rote_Bank;;HH;54.77546;8.35017
1762;Catalonia;;LL;41.33564;2.17737
1763;Rantumloh;;HH;54.77546;8.35017
1764;;;LL;39.86663;3.17517
1765;GurtÃŸy;;HH;54.77546;8.35017
1766;;;LL;40.02436;4.21135
1767;Kopenhagener_Bank;;HH;54.77546;8.35017
1768;;;LL;39.84386;4.22752
1769;O._Eidumdiep;;HH;54.77546;8.35017
1770;Eidumdiep;;HH;54.77546;8.35017
1771;N._Eidumdiep;;HH;54.86529;8.34654
1772;Steenack;;HH;54.77742;8.50549
1773;Oddeich_bei_Sylt;;HH;54.86726;8.5022
1774;Robbsand_bei_HosrbÃ¼llsteen;;HH;54.86726;8.5022
1775;Ellenbogen;;HH;55.04694;8.49556
1776;Nordhohloh;;HH;54.95513;8.34289
1777;Peter_MÃ¶llers_Stelle;;HH;54.9571;8.49889
1778;SÃ¼dhohloh;;HH;54.95513;8.34289
1779;Leghorn;;HH;54.9571;8.49889
1780;Panderdiep;;HH;54.95513;8.34289
1781;Huntje;;HH;54.9571;8.49889
1782;Tayde_Mochels_Stelle;;HH;54.9571;8.49889
1783;SW._Jordsand,_S._Hoyerstief;;HH;54.9571;8.49889
1784;S._Jordsand,_S._Hoyerstief;;HH;54.9571;8.49889
1785;S._Jordsand,_N._Hoyerstief;;HH;54.9571;8.49889
1786;SO._Jordsand,_N._Hoyerstief;;HH;54.9571;8.49889
1787;Kohlbysloh;;HH;55.04872;8.65192
1788;Aupe;;HH;55.04872;8.65192
1789;RÃ¶merley;;HH;55.13856;8.64893
1790;Tagholm;;HH;55.13678;8.49222
1791;NÃ¤shorn_bei_FÃ¶hr;;HH;54.68933;8.66375
1792;Neue_HorsbÃ¼ll;;HH;54.86726;8.5022
1793;Neue_Stelle_Hoyertief;;HH;54.9571;8.49889
1794;Erich_Protts_Bank;;HH;54.9571;8.49889
1795;Rose-Bank;;HH;54.86726;8.5022
1796;S._HorsbÃ¼llsteert;;HH;54.77742;8.50549
1797;Neue_Stelle_S._Langeness;;HH;54.59949;8.66666
1798;Vorkommen;;HH;52.98681;5.2882
1799;Vorkommen;;HH;54.07957;5.62513
1800;Vorkommen;;HH;54.07405;5.47263
1801;Vorkommen;;HH;56.66217;8.26964
1802;Vorkommen;;HH;55.94337;8.30141
1803;Borkum;;HH;53.57028;6.58467
1804;Borkum;;HH;53.57028;6.58467
1805;Borkum;;HH;53.57028;6.58467
1806;Borkum;;HH;53.65569;6.42637
1807;Juist;;HH;53.57837;6.88628
1808;Juist;;HH;53.57837;6.88628
1809;Juist;;HH;53.66814;6.87971
1810;Juist;;HH;53.67191;7.03087
1811;Juist;;HH;53.67191;7.03087
1812;Norderney;;HH;53.6755;7.18206
1813;Baltrum;;HH;53.6789;7.33327
1814;Langeoog;;HH;53.68211;7.48451
1815;Spiekeroog;;HH;53.68513;7.63576
1816;Wangerooge;;HH;53.69062;7.93833
1817;Borkum;;HH;53.57028;6.58467
1818;Borkum;;HH;53.57028;6.58467
1819;Borkum;;HH;53.57028;6.58467
1820;Borkum;;HH;53.65569;6.42637
1821;Juist;;HH;53.57837;6.88628
1822;Juist;;HH;53.57837;6.88628
1823;Juist;;HH;53.66814;6.87971
1824;Juist;;HH;53.67191;7.03087
1825;Juist;;HH;53.67191;7.03087
1826;Norderney;;HH;53.6755;7.18206
1827;Baltrum;;HH;53.6789;7.33327
1828;Langeoog;;HH;53.68211;7.48451
1829;Spiekeroog;;HH;53.68513;7.63576
1830;Wangerooge;;HH;53.69062;7.93833
1831;Helgoland;23_-_28_m;HH;54.1422;8.06916
1832;Open_North_Sea;;HH;54.24762;5.30002
1833;Open_North_Sea;;HH;53.94738;4.57012
1834;Open_North_Sea;;HH;55.14398;5.19603
1835;Open_North_Sea;;HH;55.34041;5.64618
1836;Open_North_Sea;;HH;56.01415;4.44674
1837;Open_North_Sea;;HH;55.08176;5.98772
1838;Open_North_Sea;;HH;54.99206;5.99659
1839;Open_North_Sea;;HH;54.60617;5.25908
1840;Open_North_Sea;;HH;54.43824;5.58723
1841;Open_North_Sea;;HH;54.37354;6.3647
1842;Open_North_Sea;;HH;54.38219;6.67209
1843;Open_North_Sea;;HH;54.56169;6.6576
1845;Donibristle;;HH;56.07113;-3.34615
1846;Holy_Loch;;HH;55.98296;-4.95354
1847;Loch_Broom;;HH;57.87835;-5.21741
1848;Dornoch_Firth;;HH;57.81323;-4.15638
1849;Tarbert_Ness;;HH;57.84826;-3.8261
1850;Cromarty;;HH;57.72538;-4.12202
1851;Invergordon;;HH;57.7076;-4.28657
1852;Ardersier;;HH;57.54964;-4.05387
1853;Blakely_and_Morston;;HH;53.00827;0.94243
1854;Yealm;;HH;50.32686;-4.08868
1855;Ballylongford;;HH;52.5661;-9.53424
1856;Kiltiery;;HH;52.61361;-9.24811
1857;Carrig_Island;;HH;52.5661;-9.53424
1859;Cashel_Bay;;HH;53.45072;-9.79312
1860;Invermore;;HH;53.38889;-9.60658
1861;Dawros_Bay;;HH;54.85459;-8.54398
1862;Lough_Mahon;;HH;51.92797;-8.33996
1863;Midleton_River;;HH;51.92797;-8.33996
1864;Duncannon_Fort,_Suir;;HH;52.31799;-6.98682
1865;Tramore_Bay;;HH;52.12305;-7.06156
1866;Dungarvan_Harbour;;HH;52.05956;-7.48882
1867;Belons_estuary;;HH;47.80936;-3.7843
1871;Gulf_of_Morbihan;;HH;47.56868;-2.77189
1874;Arcachon;;HH;44.65263;-1.19842
1875;Île_de_Ré;;HH;46.26702;-1.40399
1876;St_Servan;;HH;48.64804;-2.08436
1877;Gulf_of_St-Brieuc;;HH;48.57252;-2.75438
1878;Arcachon;intertidal;HH;44.65263;-1.19842
1879;N.E._Ground;;HL;54.37752;1.10917
1880;Botney_Ground;;HL;53.72467;3.68642
1881;Clay_Deep;;HL;55.8713;3.34475
1882;Terschelling_to_Borkum;20_fm;HL;53.42902;5.08876
1883;Scroby_Sands;;HL;52.61597;1.76812
1884;Calais;;HL;50.98983;1.77379
1885;Dives;;HH;49.39639;-0.03788
1886;Luc;;HH;49.37156;-0.31112
1887;Courseulles;;HH;49.44778;-0.46687
1888;Port_en_Bessin;;HH;49.42191;-0.74021
1889;La_percée;;HH;49.48414;-1.03356
1890;Guinehaut;;HH;49.39537;-1.01328
1891;La_Fosse;;HH;49.38186;-1.14971
1892;Lestre;;HH;49.54559;-1.3277
1893;Omonville;;HH;49.68059;-1.78127
1894;Breteville;;HH;49.70902;-1.50697
1909;Saint_Marc;;HH;48.66094;-2.77726
1910;Les_Anes;;HH;48.66094;-2.77726
1911;Baie_de_Saint_Brieuc;;HH;48.58795;-2.62052
1912;Landais;;HH;48.67639;-2.64318
1913;Portes_d'Erquy;;HH;48.60321;-2.48659
1914;Saint_Michel;;HH;48.70682;-2.37478
1917;Paimpol;;HH;48.82205;-2.9578
1928;Verrés;;HH;48.18143;-4.43616
1929;Sein;;HH;48.04027;-4.80671
1930;Poul_Ar_March;;HH;47.84661;-4.20348
1931;Pouldon;;HH;47.84661;-4.20348
1932;Combrit;;HH;47.84661;-4.20348
1933;Sainte_Barbe_-_Penneret;;HH;47.86375;-4.07189
1934;La_Forest;;HH;47.88073;-3.94021
1935;Pladen;;HH;47.88073;-3.94021
1936;Pen_Ar_Vas_Hir;;HH;47.88073;-3.94021
1937;Belon;;HH;47.82599;-3.65268
1938;Le_Pignon;;HH;47.7044;-3.89158
1963;La_couarde;;HH;46.17816;-1.38497
1965;Enet;;HH;46.02751;-1.09152
1966;la_Mouclière;;HH;45.93857;-1.07315
1967;la_Barre;;HH;45.92512;-1.2008
1968;les_Mannes;;HH;46.02751;-1.09152
1969;Lamouroux;;HH;45.92512;-1.2008
1970;Charret-Mérignac;;HH;45.8362;-1.1823
1971;Agnas-Craze;;HH;45.8362;-1.1823
1972;Jéac;;HH;45.8362;-1.1823
1973;la_Tremblade;;HH;45.74726;-1.16389
1974;Ferret;;HH;44.57699;-1.05601
1975;Hautebelle;;HH;44.74164;-1.21632
1976;Chenal_de_ville;;HH;44.65263;-1.19842
1977;Audenge;;HH;44.66603;-1.07364
1978;Comprian;;HH;44.66603;-1.07364
1979;Gujan;;HH;44.66603;-1.07364
1980;Arams;;HH;44.65263;-1.19842
1981;Navire_Brulé;;HH;44.66603;-1.07364
1982;Cousse;;HH;44.65263;-1.19842
1983;Courant;;HH;44.66603;-1.07364
1984;Pointe_du_Congre;;HH;44.66603;-1.07364
1985;Bidassoa;;HH;43.30997;-1.80929
1986;Collioure;;HH;42.58318;3.11392
1987;;;HH;58.28042;11.76666
2010;Galicia;;HH;42.62026;-8.76415
2011;Galicia;;HH;42.44598;-8.70808
2012;Galicia;;HH;42.35881;-8.68021
2021;Galicia;;HH;42.35881;-8.68021
2022;Galicia;;HH;42.51073;-8.85459
2023;Galicia;;HH;42.51073;-8.85459
2024;Galicia;;HH;43.34109;-8.36368
2032;Galicia;;LL;42.24934;-8.7705
2033;Galicia;;HH;42.24934;-8.7705
2034;Galicia;;HH;42.24934;-8.7705
2035;Galicia;;HH;42.22691;-8.88848
2036;Galicia;;HH;42.24934;-8.7705
2037;Galicia;;HH;42.24934;-8.7705
2038;Galicia;;HH;42.35881;-8.68021
2039;Galicia;;HH;42.33649;-8.79842
2047;Bergen;;HL;58.83016;9.37453
2048;Stavanger;;HL;59.03478;5.71782
2049;Bergen;;HL;60.37569;5.36521
2050;Strömstad;;HL;58.91708;11.10537
2051;Farsund;;HL;58.1609;6.67098
2052;Kristiansand;;HL;58.09773;8.03239
2053;Mandal;;HL;57.99948;7.53083
2054;Marstrand;;HL;57.92296;11.58082
2055;Fjelbergøya;;HL;59.75294;5.62795
2056;Kalvön;;HL;58.55588;11.26569
2057;Isefjord;;LL;57.11199;11.71158
2058;Byala;7_-_23m_;HH;42.86591;27.92978
2059;Rezovo;7_-_23m_;HH;42.01498;28.04389
2060;Primorsko;7_-_23m_;HH;42.34134;27.76914
2061;Wester-Eems;;HH;53.39884;6.89934
2062;Lauwerszee;;HH;53.37732;6.14866
2063;;;HH;53.35676;5.54866
2064;;;HH;52.89716;5.29791
2065;Balg;;HH;52.9685;4.84249
2066;Amsteldiep;;HH;53.0581;4.83182
2067;Texexelstroom;;HH;52.8789;4.85311
2068;het_Waardje;;HH;52.88517;5.00134
2069;;;HH;51.49456;4.14392
2070;;;HH;51.56932;3.8447
2071;;;HH;51.48727;4.00034
2072;Limfjord;;HH;56.57232;8.27369
2073;Ierseke_Bank;;HH;51.49456;4.14392
2074;Limfjord;;HH;56.57623;8.59872
2075;Limfjord;;HH;56.75203;8.26557
2076;Limfjord;;HH;56.66217;8.26964
2077;Limfjord;;HH;56.66217;8.26964
2078;Limfjord;;HH;56.66424;8.43253
2079;Limfjord;;HH;56.6661;8.59543
2080;Limfjord;;HH;56.48637;8.60199
2081;Limfjord;;HH;56.48802;8.76415
2082;Limfjord;;HH;56.57789;8.76126
2083;Limfjord;;HH;56.57623;8.59872
2084;Limfjord;;HH;56.57623;8.59872
2085;Limfjord;;HH;56.66776;8.75835
2086;Limfjord;;HH;56.66921;8.92129
2087;Limfjord;;HH;56.75909;8.91875
2088;Limfjord;;HH;56.75763;8.75543
2089;Limfjord;;HH;56.75909;8.91875
2090;Limfjord;;HH;56.75909;8.91875
2091;Limfjord;;HH;56.75909;8.91875
2092;Limfjord;;HH;56.84896;8.9162
2093;Limfjord;;HH;56.84896;8.9162
2094;Limfjord;;HH;56.93738;8.74954
2095;Limfjord;;HH;57.02999;9.07554
2096;Limfjord;;HH;56.84584;8.58881
2097;Limfjord;;HH;56.57232;8.27369
2098;Limfjord;;HH;56.57438;8.4362
2099;Limfjord;;HH;56.75909;8.91875
2100;Limfjord;;HH;56.84896;8.9162
2101;Limfjord;;HH;56.76034;9.08207
2102;Limfjord;;HH;56.76139;9.24541
2103;Limfjord;;HH;56.93884;8.91363
2104;Limfjord;;HH;56.93884;8.91363
2105;Limfjord;;HH;56.93738;8.74954
2106;Limfjord;;HH;56.93571;8.58546
2107;Limfjord;;HH;56.66217;8.26964
2108;Limfjord;;HH;56.66217;8.26964
2109;Wadden_Sea;;HH;55.49616;8.47867
2110;Wadden_Sea;;HH;55.40631;8.48208
2111;Wadden_Sea;;HH;55.40631;8.48208
2112;Wadden_Sea;;HH;55.31647;8.48548
2113;Wadden_Sea;;HH;55.22841;8.64591
2120;Portugal;;HH;38.79453;-8.93203
2126;Norwegian_West_Coast;;HL;60.34341;4.46403
2127;Douglas,_Isle_of_Man;30_-35_fms;HH;54.12307;-4.42669
2128;Shoreham;;HH;50.73015;-0.32451
2129;Hastings;;HH;50.80296;0.51944
2130;Maryport;;HH;54.68365;-3.51741
2131;Fleetwood;2-3_feet;HH;54.20992;-3.67391
2132;Tenby;;HH;51.60963;-4.78608
2133;St._Patrick's_Causeway_at_Mochras;;HH;52.78781;-4.12718
2134;between_Pen-y-chain_and_St._Tudwall's_Road;;HH;52.8405;-4.44811
2135;New_Quay;;HH;52.20799;-4.38848
2136;Aberystwyth_Bay;;HH;52.40132;-4.30202
2137;New_Quay;;HH;52.20799;-4.38848
2138;Truro_Oyster_Fishery,_now_known_as_'Fal_Oyster_Fishery'_since_2016;;HH;50.22064;-4.91663
2143;Mali_Ston;10-20_metres;LL;42.88315;17.75053
2144;Miramare;6-15_metres;HH;45.72629;13.77091
2145;Sistiana;;HH;45.73077;13.64274
2146;Panzano;;HH;45.82508;13.52036
2147;Pola;;HH;44.82181;13.83614
2159;Brindisi;;HH;40.68985;17.95074
2160;Ancona;;HH;43.6598;13.51111
2161;Punta_Maestra;;HH;44.95055;12.57866
2162;Chioggia;;HH;45.22672;12.33707
2163;River_Isonzo;;HH;45.7351;13.51455
2164;River_Adige;;HH;45.13664;12.33328
2165;River_Brenta;;HH;45.22672;12.33707
2170;Fiorenzuola_di_Focara;;HH;43.95289;12.78246
2171;Rimini;;HL;44.13958;12.54195
2172;Cesenatico;;HL;44.2327;12.42111
2173;Cervia;;HL;44.2327;12.42111
2174;Romagna;;HH;44.41296;12.42879
2175;north_Marche_coast;;HH;44.0396;12.91124
2176;Rimini;;HL;44.13958;12.54195
2177;Cesenatico;;HL;44.2327;12.42111
2178;Cervia;;HL;44.2327;12.42111
2179;Stour_river_mouth;;HH;51.86094;1.3221
2180;Walton/Hamford_backwater;;HH;51.86094;1.3221
2181;Hoylake;;HH;53.43403;-3.26776
2182;Lagune_de_Nador;;LL;35.1301;-2.83527
2183;Adriatic_Sea;;HH;43.9459;13.03089
2186;Sebenico_Basin;15_fms;LL;43.73269;15.87345
2187;Brindisi;;HH;40.68985;17.95074
2188;Gulf_of_Taranto;;HH;40.03233;17.04864
2189;Black_Sea;;LL;42.01498;28.04389
2190;Crimea_southern_coast;;LL;44.62793;34.57471
2191;Norway;;LL;64.2356;9.66821
2192;Near_Liverpool;;HH;53.45031;-3.11944
2193;Jutland;;HH;57.39083;10.72761
2194;Isefjord;;HH;56.03154;11.82447
2195;southern_north_sea;34-42m_;HH;53.94484;7.16404
2196;Skagen;10-12fm;HH;57.75044;10.7347
2197;;;HH;46.02751;-1.09152
2198;;;HH;46.02751;-1.09152
2199;;;HH;46.10294;-1.23803
2200;;;HH;45.74726;-1.16389
2201;;;HH;45.8362;-1.1823
2202;;;HH;45.93857;-1.07315
2203;;;HH;45.93857;-1.07315
2204;;;HH;45.76066;-1.03664
2205;;;HH;46.17816;-1.38497
2206;;;HH;47.53741;-3.03421
2207;;;HH;47.53741;-3.03421
2208;;;HH;47.62581;-3.05687
2209;;;HH;47.64155;-2.92553
2210;;;HH;47.53741;-3.03421
2211;;;HH;46.99427;-2.22946
2212;;;HH;46.99427;-2.22946
2213;;;HH;46.99427;-2.22946
2214;;;HH;46.99427;-2.22946
2215;;;HH;47.02356;-1.96944
2216;;;HH;47.00899;-2.09948
2217;;;HH;47.09764;-2.12019
2218;;;HH;47.08289;-2.25038
2219;;;HH;47.00899;-2.09948
2220;;;HH;46.99427;-2.22946
2221;;;HH;47.00899;-2.09948
2222;;;HH;47.00899;-2.09948
2223;;;HH;46.92033;-2.07885
2224;;;HH;46.99427;-2.22946
2225;;;HH;47.00899;-2.09948
2226;;;HH;47.00899;-2.09948
2227;;;HH;46.92033;-2.07885
2228;;;HH;48.70776;-3.89686
2229;;;HH;48.70776;-3.89686
2230;;;HH;47.56868;-2.77189
2231;;;HH;47.65714;-2.79411
2232;;;HH;47.65714;-2.79411
2233;;;HH;47.65714;-2.79411
2234;;;HH;47.56868;-2.77189
2235;;;HH;47.56868;-2.77189
2236;;;HH;47.56868;-2.77189
2237;;;HH;47.58409;-2.64062
2238;;;HH;47.48021;-2.74976
2239;;;HH;47.49558;-2.6187
2240;;;HH;47.56868;-2.77189
2241;;;HH;47.56868;-2.77189
2242;;;HH;47.49558;-2.6187
2243;;;HH;47.5108;-2.48758
2244;;;HH;47.5108;-2.48758
2245;;;HH;47.49558;-2.6187
2246;;;HH;47.5108;-2.48758
2247;;;HH;45.67169;-1.0185
2248;;;HH;45.65832;-1.14554
2249;;;HH;45.65832;-1.14554
2250;;;HH;45.58271;-1.00044
2251;;;HH;45.58271;-1.00044
2252;;;HH;45.58271;-1.00044
2253;;;HH;45.58271;-1.00044
2254;;;HH;45.58271;-1.00044
2255;;;HH;45.58271;-1.00044
2256;;;HH;45.58271;-1.00044
2257;;;HH;45.58271;-1.00044
2258;;;HH;45.50689;-0.85575
2259;;;HH;45.50689;-0.85575
2260;;;HH;45.50689;-0.85575
2261;;;HH;45.5959;-0.87354
2262;;;HH;45.50689;-0.85575
2263;;;HH;45.50689;-0.85575
2264;;;HH;44.66603;-1.07364
2265;;;HH;44.66603;-1.07364
2266;;;HH;44.65263;-1.19842
2267;;;HH;44.66603;-1.07364
2268;;;HH;44.66603;-1.07364
2269;;;HH;44.65263;-1.19842
2270;;;HH;44.66603;-1.07364
2271;;;HH;44.74164;-1.21632
2272;;;HH;44.75506;-1.09135
2273;;;HH;44.65263;-1.19842
2274;;;HH;44.65263;-1.19842
2275;;;HH;44.75506;-1.09135
2276;;;HH;44.74164;-1.21632
2277;;;HH;43.30997;-1.80929
2278;;;HH;48.57405;-1.92872
2279;;;HH;48.66265;-1.95013
2280;;;HH;48.66265;-1.95013
2281;;;HH;48.57405;-1.92872
2282;;;HH;48.63326;-2.21851
2283;;;HH;48.63326;-2.21851
2284;;;HH;48.63326;-2.21851
2285;;;HH;48.63326;-2.21851
2286;;;HH;48.63326;-2.21851
2287;;;HH;48.63326;-2.21851
2288;;;HH;48.63326;-2.21851
2289;;;HH;48.63326;-2.21851
2290;;;HH;48.66265;-1.95013
2291;;;HH;48.66094;-2.77726
2292;;;HH;48.66094;-2.77726
2293;;;HH;48.66094;-2.77726
2294;;;HH;48.66094;-2.77726
2295;;;HH;48.66094;-2.77726
2296;;;HH;48.66094;-2.77726
2297;;;HH;48.69169;-2.50902
2298;;;HH;48.67639;-2.64318
2299;;;HH;48.69169;-2.50902
2300;;;HH;48.70682;-2.37478
2301;;;HH;48.66094;-2.77726
2302;;;HH;48.67639;-2.64318
2303;;;HH;48.58795;-2.62052
2304;;;HH;48.7902;-3.2265
2305;;;HH;48.82205;-2.9578
2306;;;HH;48.80621;-3.09219
2307;;;HH;47.95186;-4.09658
2308;;;HH;47.88073;-3.94021
2309;;;HH;47.84661;-4.20348
2310;;;HH;47.86375;-4.07189
2311;;;HH;47.84661;-4.20348
2312;;;HH;47.88073;-3.94021
2313;;;HH;47.88073;-3.94021
2314;;;HH;47.84661;-4.20348
2315;;;HH;47.82599;-3.65268
2316;;;HH;47.68216;-3.34253
2317;;;HH;47.77048;-3.36582
2318;;;HH;47.77048;-3.36582
2319;;;HH;47.77048;-3.36582
2320;;;HH;49.06022;-1.63086
2321;;;HH;49.04598;-1.76623
2322;;;HH;49.23752;-1.67335
2323;;;HH;48.97157;-1.60977
2324;;;HH;48.95735;-1.7449
2325;;;HH;48.97157;-1.60977
2326;;;HH;48.97157;-1.60977
2327;;;HH;48.8829;-1.58876
2328;;;HH;48.97157;-1.60977
2329;;;HH;48.94296;-1.87996
2330;;;HH;48.67711;-1.81584
2331;;;HH;48.78006;-1.70252
2332;;;HH;48.8829;-1.58876
2333;;;HH;48.69141;-1.68148
2334;;;HH;48.69141;-1.68148
2335;;;HH;48.69141;-1.68148
2336;;;HH;48.67711;-1.81584
2337;;;HH;49.68059;-1.78127
2338;;;HH;49.55933;-1.19085
2339;;;HH;49.62036;-1.48567
2340;;;HH;49.70902;-1.50697
2341;;;HH;49.4004;-1.85254
2342;;;HH;49.22321;-1.80919
2343;;;HH;47.88223;-4.62335
2344;;;HH;48.18143;-4.43616
2345;;;HH;48.37492;-4.35459
2346;;;HH;48.30421;-4.19644
2347;;;HH;48.2869;-4.32913
2348;;;HH;48.2869;-4.32913
2349;;;HH;48.37492;-4.35459
2350;;;HH;48.30421;-4.19644
2351;;;HH;48.30421;-4.19644
2352;;;HH;48.2869;-4.32913
2353;;;HH;48.30421;-4.19644
2354;;;HH;48.21614;-4.17131
2355;;;HH;42.94264;3.07212
2356;;;HH;42.58318;3.11392
2357;;;HH;42.76293;3.0931
2358;;;HH;42.76293;3.0931
2359;;;HH;42.85279;3.08263
2360;;;HH;42.4933;3.12427
2361;;;HH;42.4933;3.12427
2362;;;HH;42.4933;3.12427
2363;;;HH;42.58318;3.11392
2364;N.E._of_White_Bank;43.89;HH;55.26117;5.96982
2365;Clay_Deep;48.46;HH;54.74644;4.30857
2366;Clay_Deep;49.38;HH;54.6569;4.32102
2367;Clay_Deep;48.46;HH;54.6569;4.32102
2368;Clay_Deep;47.55;HH;54.73927;4.15379
2369;Clay_Deep;47.55;HH;54.82879;4.14095
2370;Lower_Scruff;40.23;HH;54.86282;4.91704
2371;Lower_Scruff;42.98;HH;54.77321;4.9282
2372;Horn_Reef_Deep_Water;49.38;HH;55.44057;5.95173
2373;Oyster_(Ground_FB);42.06;HH;54.22276;4.688
2374;Westkant_Borkummer_Rif;42.00;HH;54.24762;5.30002
2375;Oestergronden;40.00;HH;53.76824;4.59317
2376;Modderkanaal;48.00;HH;54.75342;4.46341
2379;Mouth_of_the_Nile;;LH;31.54584;31.38117
2380;mouth_of_the_Seine;;LH;49.49754;0.08058
2382;Brindisi;;LL;40.68985;17.95074
2383;Tarragone;;LL;41.07694;1.25564
2384;Narbo;;LL;43.03248;3.06156
2385;Puteoli;;LL;40.83607;14.06
2386;Chelidonian_islands;;LL;36.26173;30.37636
2387;Actium;;LL;38.96417;20.74732
2388;Leucas;;LL;38.68248;20.81711
2389;Libyan_Gulf;;LL;31.49301;18.6589
2390;Lesbos;;LL;39.34771;26.44947
2392;Abydus,_Hellespont;;LL;40.02331;26.2659
2393;Circei,_Latium;;LL;41.23893;12.8969
2394;Tarentum;;LL;40.47415;17.21554
2395;Propontis_or_the_Bosporus;;LL;41.24789;29.16705
2396;Pontus_and_Ephesus;;LL;41.35775;29.07852
2397;Grynium;;LL;38.82804;26.7882
2398;Myrina;;LL;38.84783;26.67565
2399;Istria;;LL;44.5201;28.98429
2400;Illyria;;LL;41.65312;19.40049
2401;Messenia;;LL;36.78978;22.0953
2402;Marseilles;;LL;43.3387;5.24677
2403;Narbo;;LL;43.03248;3.06156
2404;Poitou;;LL;45.92512;-1.2008
2405;Constantinople;;LL;40.92174;28.94171
2406;Soggendal;6_fms;HH;58.33166;6.3139
2407;Stavanger;;HH;59.03478;5.71782
2408;San_Nicolas_de_Neda;;HH;43.47193;-8.15087
2409;San_Martin_de_Noya;;HH;42.77196;-8.93966
2410;Eastern_Scheldt;;HH;51.65115;3.68848
2411;West_Hinder;;HH;51.49403;2.55244
2412;Roytingen;;HH;51.19792;2.16869
2413;West_to_East_Hinder;18_fms;HH;51.5031;2.69583
2414;Blankenberghe;12_fms;HH;51.512;2.83927
2415;Deurloo_Channel;;HH;51.53762;3.26988
2416;West-Kappelle;;HH;51.54581;3.41351
2417;English_Channel_mid;;HL;50.33443;0.33048
2418;Dieppe;;HH;50.03492;1.09586
2419;Calvados_;;HH;49.48414;-1.03356
2420;Fecamp;;HH;49.87753;0.28281
2421;St_Vallery;;HH;49.9124;0.6974
2422;Etaples;;HH;50.60206;1.41526
2423;Boulogne;;HH;50.7909;1.5233
2424;Calais;;HH;50.98983;1.77379
2425;Gravline;;HH;51.09895;2.04183
2426;Dunkirk;;HH;51.20745;2.31109
2427;Ostend;;HH;51.41374;2.71016
2428;Texel;;HH;53.07052;5.12953
2429;Angle;;HH;51.66071;-5.09925
2430;St_Govan's_Head;;HH;51.59143;-4.92788
2431;Llanddwyn_Island;;HH;53.12169;-4.39073
2432;Aberdeen;;LL;57.20037;-2.06724
2433;Ierseke_Bank;;HL;51.49456;4.14392
2434;Bergsche_Bank;;HL;51.49456;4.14392
2435;Grevelingen;;HL;51.75585;3.96469
2436;Krammer;;HL;51.67365;4.12077
2437;Whitehaven,_Cumbria;;LL;54.57882;-3.64027
2438;Hitra;;LL;63.41847;8.68146
2439;TjØtta;;LL;65.84306;12.47298
2440;Grebbestad;;LH;58.73572;11.27209
2441;Vikten;;LL;64.86517;10.9179
2442;Tarven;;LL;63.87416;9.47005
2443;Alghero;;LL;40.54255;8.28234
2444;Porto_Torres;;LL;40.81587;8.39293
2445;Su_Cuguttu;;LL;40.91847;9.57225
2446;Albegna;;LH;42.53984;11.13829
2447;Osa;;LH;42.53984;11.13829
2448;;55_metres;LH;30.59956;-9.77463
2449;;43_metres;LH;30.59956;-9.77463
2450;;85_metres;LH;30.48803;-9.85366
2451;;70_metres;LH;30.48803;-9.85366
2452;;65_metres;LH;30.48803;-9.85366
2453;;70_metres;LH;30.33383;-9.71035
2467;Chania;;LL;35.514;23.987
2459;Kalamata;;LL;36.983;22.016
2464;Spetses;;LL;37.192;23.187
2466;Hydra_Island;;LL;37.34;23.443
2463;Samos;;LL;37.798;26.876
2454;Andros;;LL;37.833;25.036
2455;Egina;;LL;37.849;23.085
2469;Isthmia;;LL;37.907;23.326
2461;Peraeus;;LH;37.964;23.567
2460;Patras;;LL;38.307;21.676
2468;Chios_Island;;LL;38.326;25.961
2462;Preveza;;LH;38.951;20.861
2465;Volos;;LL;39.233;23.009
2457;Thessaloniki;;LH;40.541;22.801
2456;Alexandroupoli;;LL;40.824;25.871
2458;Kavala;;LL;40.952;24.452
2472;Norsminde;;LL;56.044;10.221
2470;Aahusbugten_;;LL;56.134;10.222
2471;Kaløvig;12_fms;LL;56.224;10.383
2476;south_of_Anholt;;LL;56.665;11.529
2475;Groves_Flak;;LL;57.202;11.716
2473;south-east_of_Læsø;15_fms;LL;57.204;11.55
2474;Fladen;;LL;57.207;11.22